model,target,MAE_A,MAE_C,MAE_delta,R2_A,R2_C,within_tol_A,within_tol_C
ridge,T_final,23.910828,23.900313,-0.010514999999998054,0.367078,0.367515,0.222,0.2173
ridge,C_final,0.015593,0.013072,-0.002520999999999999,0.710596,0.766415,0.6633,0.772
ridge,P_final,0.003257,0.003244,-1.299999999999999e-05,0.600904,0.601905,0.5387,0.5393
lasso,T_final,23.910854,23.899914,-0.010940000000001504,0.367079,0.367487,0.222,0.2207
lasso,C_final,0.015593,0.013414,-0.0021789999999999986,0.71117,0.763102,0.6647,0.76
lasso,P_final,0.003273,0.003273,0.0,0.600212,0.600212,0.5327,0.5327
elasticnet,T_final,23.91092,23.899994,-0.010926000000001324,0.367079,0.367488,0.222,0.2207
elasticnet,C_final,0.015593,0.013101,-0.0024919999999999994,0.711137,0.766486,0.6647,0.7687
elasticnet,P_final,0.003258,0.003249,-8.999999999999894e-06,0.60112,0.601947,0.5407,0.5393
rf,T_final,23.445789,23.511579,0.0657899999999998,0.350607,0.347914,0.25,0.2467
rf,C_final,0.009318,0.008736,-0.0005819999999999992,0.822798,0.837977,0.8507,0.8513
rf,P_final,0.003037,0.002933,-0.00010400000000000036,0.641283,0.662243,0.586,0.6113
gbm,T_final,23.432358,23.334951,-0.09740700000000047,0.341852,0.344157,0.264,0.2693
gbm,C_final,0.009291,0.00872,-0.0005710000000000003,0.81593,0.839639,0.8467,0.858
gbm,P_final,0.003007,0.002936,-7.100000000000032e-05,0.641032,0.663232,0.5913,0.6013
xgboost,T_final,23.239699,23.198679,-0.041020000000003165,0.355552,0.358826,0.2553,0.2653
xgboost,C_final,0.009567,0.009029,-0.0005380000000000003,0.824983,0.837842,0.8487,0.8633
xgboost,P_final,0.003019,0.002938,-8.099999999999991e-05,0.640648,0.660592,0.5907,0.598
lightgbm,T_final,23.077581,23.312441,0.23486000000000118,0.338372,0.339354,0.2967,0.2653
lightgbm,C_final,0.008824,0.00875,-7.399999999999941e-05,0.830662,0.840378,0.8567,0.8613
lightgbm,P_final,0.003002,0.002942,-5.9999999999999724e-05,0.646073,0.662172,0.594,0.594
catboost,T_final,23.249608,23.164246,-0.08536199999999994,0.364853,0.364574,0.2647,0.2673
catboost,C_final,0.009426,0.008606,-0.0008199999999999995,0.832447,0.843088,0.8373,0.8587
catboost,P_final,0.002993,0.002926,-6.699999999999979e-05,0.647684,0.663832,0.5887,0.602
svr,T_final,21.85759,22.149014,0.2914240000000028,0.347443,0.347571,0.3587,0.3453
svr,C_final,0.012892,0.009948,-0.0029440000000000004,0.77137,0.819546,0.7813,0.8267
svr,P_final,0.003484,0.003479,-5.00000000000023e-06,0.545719,0.538377,0.4933,0.492
knn,T_final,25.999754,25.844775,-0.15497900000000087,0.254143,0.264867,0.188,0.1733
knn,C_final,0.015659,0.013122,-0.0025369999999999993,0.634766,0.713153,0.6793,0.738
knn,P_final,0.003554,0.003556,2.0000000000002655e-06,0.545918,0.547486,0.4693,0.4707
mlp,T_final,24.877699,27.372814,2.495115000000002,0.308766,0.119974,0.2207,0.2113
mlp,C_final,0.009103,0.008951,-0.00015199999999999936,0.839699,0.842261,0.8447,0.8567
mlp,P_final,0.003144,0.002967,-0.00017700000000000007,0.625845,0.644682,0.5527,0.5893
