config,model,target,MAE,RMSE,R2,within_tolerance
A_raw,ridge,T_final,21.758152,26.496335,0.472806,0.27
A_raw,ridge,C_final,0.015867,0.018953,0.707778,0.684
A_raw,ridge,P_final,0.003281,0.004117,0.572992,0.536
A_raw,lasso,T_final,21.758161,26.4963,0.472808,0.27
A_raw,lasso,C_final,0.015862,0.018935,0.708345,0.684
A_raw,lasso,P_final,0.003283,0.004101,0.576204,0.534
A_raw,elasticnet,T_final,21.758194,26.496282,0.472809,0.27
A_raw,elasticnet,C_final,0.015862,0.018936,0.708305,0.684
A_raw,elasticnet,P_final,0.003281,0.004114,0.573611,0.54
A_raw,rf,T_final,23.557861,27.727338,0.422682,0.174
A_raw,rf,C_final,0.010107,0.014761,0.822741,0.852
A_raw,rf,P_final,0.003032,0.003843,0.627936,0.582
A_raw,gbm,T_final,22.928193,28.562125,0.387396,0.29
A_raw,gbm,C_final,0.011047,0.015913,0.794009,0.814
A_raw,gbm,P_final,0.002978,0.003845,0.627556,0.596
A_raw,xgboost,T_final,21.723954,27.191914,0.444763,0.282
A_raw,xgboost,C_final,0.010587,0.015111,0.814238,0.846
A_raw,xgboost,P_final,0.00296,0.00382,0.632259,0.596
A_raw,lightgbm,T_final,20.708924,26.86477,0.458043,0.334
A_raw,lightgbm,C_final,0.009273,0.014636,0.825743,0.856
A_raw,lightgbm,P_final,0.002962,0.003793,0.637568,0.594
A_raw,catboost,T_final,21.090749,26.507846,0.472348,0.314
A_raw,catboost,C_final,0.009645,0.014689,0.824469,0.838
A_raw,catboost,P_final,0.002878,0.003726,0.650228,0.604
A_raw,svr,T_final,19.864379,26.635769,0.467243,0.4
A_raw,svr,C_final,0.013177,0.01682,0.769858,0.79
A_raw,svr,P_final,0.003551,0.004366,0.519699,0.476
A_raw,knn,T_final,24.636323,29.428014,0.34969,0.216
A_raw,knn,C_final,0.015827,0.02126,0.632305,0.676
A_raw,knn,P_final,0.003525,0.004307,0.532534,0.484
A_raw,mlp,T_final,23.67253,29.301844,0.355254,0.25
A_raw,mlp,C_final,0.008653,0.013578,0.850017,0.87
A_raw,mlp,P_final,0.003114,0.003973,0.602229,0.586
C_physics,ridge,T_final,21.807466,26.475572,0.473632,0.26
C_physics,ridge,C_final,0.013808,0.017733,0.744175,0.764
C_physics,ridge,P_final,0.003239,0.004071,0.582353,0.548
C_physics,lasso,T_final,21.811362,26.486066,0.473215,0.262
C_physics,lasso,C_final,0.013876,0.017423,0.753061,0.756
C_physics,lasso,P_final,0.003283,0.004101,0.576204,0.534
C_physics,elasticnet,T_final,21.811261,26.485971,0.473219,0.262
C_physics,elasticnet,C_final,0.013815,0.017672,0.745956,0.764
C_physics,elasticnet,P_final,0.003249,0.004075,0.5815,0.54
C_physics,rf,T_final,23.586371,27.892428,0.415787,0.176
C_physics,rf,C_final,0.008591,0.013775,0.845639,0.874
C_physics,rf,P_final,0.002891,0.003704,0.654352,0.598
C_physics,gbm,T_final,23.053002,28.561661,0.387416,0.278
C_physics,gbm,C_final,0.009412,0.014644,0.82556,0.858
C_physics,gbm,P_final,0.002862,0.003664,0.661745,0.612
C_physics,xgboost,T_final,21.11577,26.716633,0.464004,0.306
C_physics,xgboost,C_final,0.008573,0.013576,0.850077,0.874
C_physics,xgboost,P_final,0.002857,0.00367,0.660572,0.614
C_physics,lightgbm,T_final,21.101078,27.24921,0.442421,0.354
C_physics,lightgbm,C_final,0.008176,0.013578,0.850016,0.884
C_physics,lightgbm,P_final,0.002871,0.003685,0.657894,0.598
C_physics,catboost,T_final,21.018735,26.547881,0.470753,0.338
C_physics,catboost,C_final,0.007952,0.013343,0.855171,0.876
C_physics,catboost,P_final,0.002848,0.003664,0.661811,0.608
C_physics,svr,T_final,20.158287,26.665646,0.466047,0.374
C_physics,svr,C_final,0.010216,0.014667,0.825009,0.84
C_physics,svr,P_final,0.003654,0.004475,0.495401,0.462
C_physics,knn,T_final,25.696653,30.37665,0.307088,0.19
C_physics,knn,C_final,0.013506,0.019038,0.705154,0.734
C_physics,knn,P_final,0.003495,0.004292,0.535885,0.512
C_physics,mlp,T_final,31.092861,44.958524,-0.517828,0.216
C_physics,mlp,C_final,0.008523,0.013287,0.856387,0.856
C_physics,mlp,P_final,0.002992,0.003851,0.626312,0.608
