config,model,target,MAE,RMSE,R2,within_tolerance,cv_mae,cv_mae_std
A_raw,ridge,T_final,23.910828,28.381211,0.367078,0.222,23.851618,0.208252
A_raw,ridge,C_final,0.015593,0.018649,0.710596,0.6633,0.01558,0.000152
A_raw,ridge,P_final,0.003257,0.004023,0.600904,0.5387,0.003263,3.8e-05
A_raw,lasso,T_final,23.910854,28.381196,0.367079,0.222,23.85165,0.208251
A_raw,lasso,C_final,0.015593,0.01863,0.71117,0.6647,0.015579,0.000157
A_raw,lasso,P_final,0.003273,0.004026,0.600212,0.5327,0.003275,3.8e-05
A_raw,elasticnet,T_final,23.91092,28.381192,0.367079,0.222,23.851716,0.208245
A_raw,elasticnet,C_final,0.015593,0.018631,0.711137,0.6647,0.015579,0.000157
A_raw,elasticnet,P_final,0.003258,0.004022,0.60112,0.5407,0.003263,3.8e-05
A_raw,rf,T_final,23.445789,28.748135,0.350607,0.25,23.672795,0.158446
A_raw,rf,C_final,0.009318,0.014593,0.822798,0.8507,0.009516,0.000132
A_raw,rf,P_final,0.003037,0.003814,0.641283,0.586,0.003062,2.6e-05
A_raw,gbm,T_final,23.432358,28.941282,0.341852,0.264,23.412863,0.226964
A_raw,gbm,C_final,0.009291,0.014873,0.81593,0.8467,0.009563,0.000142
A_raw,gbm,P_final,0.003007,0.003815,0.641032,0.5913,0.003008,4.3e-05
A_raw,xgboost,T_final,23.239699,28.638466,0.355552,0.2553,23.475467,0.257684
A_raw,xgboost,C_final,0.009567,0.014502,0.824983,0.8487,0.009847,0.000196
A_raw,xgboost,P_final,0.003019,0.003817,0.640648,0.5907,0.003011,3.8e-05
A_raw,lightgbm,T_final,23.077581,29.017681,0.338372,0.2967,23.363238,0.340634
A_raw,lightgbm,C_final,0.008824,0.014265,0.830662,0.8567,0.00922,0.000191
A_raw,lightgbm,P_final,0.003002,0.003788,0.646073,0.594,0.003015,3.6e-05
A_raw,catboost,T_final,23.249608,28.431047,0.364853,0.2647,23.287245,0.18627
A_raw,catboost,C_final,0.009426,0.01419,0.832447,0.8373,0.009627,0.000165
A_raw,catboost,P_final,0.002993,0.00378,0.647684,0.5887,0.003,2.5e-05
A_raw,svr,T_final,21.85759,28.818081,0.347443,0.3587,22.50808,0.16807
A_raw,svr,C_final,0.012892,0.016576,0.77137,0.7813,0.013192,0.000314
A_raw,svr,P_final,0.003484,0.004292,0.545719,0.4933,0.003503,4.3e-05
A_raw,knn,T_final,25.999754,30.809429,0.254143,0.188,26.191635,0.16497
A_raw,knn,C_final,0.015659,0.02095,0.634766,0.6793,0.015784,8e-06
A_raw,knn,P_final,0.003554,0.004291,0.545918,0.4693,0.003579,5e-05
A_raw,mlp,T_final,24.877699,29.659812,0.308766,0.2207,24.7862,0.205759
A_raw,mlp,C_final,0.009103,0.013879,0.839699,0.8447,0.009125,0.000147
A_raw,mlp,P_final,0.003144,0.003895,0.625845,0.5527,0.003043,6.9e-05
B_deep,mlp_deep,T_final,24.034021,28.939047,0.341953,0.2347,24.428463,0.236518
B_deep,mlp_deep,C_final,0.009046,0.01391,0.838991,0.8453,0.009085,0.000282
B_deep,mlp_deep,P_final,0.00319,0.003987,0.608042,0.5533,0.003055,6.9e-05
C_physics,ridge,T_final,23.900313,28.37142,0.367515,0.2173,23.857062,0.202354
C_physics,ridge,C_final,0.013072,0.016754,0.766415,0.772,0.013271,8.8e-05
C_physics,ridge,P_final,0.003244,0.004018,0.601905,0.5393,0.003256,3.5e-05
C_physics,lasso,T_final,23.899914,28.372031,0.367487,0.2207,23.859,0.201033
C_physics,lasso,C_final,0.013414,0.016873,0.763102,0.76,0.01358,0.000119
C_physics,lasso,P_final,0.003273,0.004026,0.600212,0.5327,0.003275,3.8e-05
C_physics,elasticnet,T_final,23.899994,28.372027,0.367488,0.2207,23.859056,0.201041
C_physics,elasticnet,C_final,0.013101,0.016752,0.766486,0.7687,0.013301,9.3e-05
C_physics,elasticnet,P_final,0.003249,0.004018,0.601947,0.5393,0.003257,3.7e-05
C_physics,rf,T_final,23.511579,28.807677,0.347914,0.2467,23.666092,0.118761
C_physics,rf,C_final,0.008736,0.013954,0.837977,0.8513,0.008699,0.000189
C_physics,rf,P_final,0.002933,0.003701,0.662243,0.6113,0.002993,4e-06
C_physics,gbm,T_final,23.334951,28.890544,0.344157,0.2693,23.437084,0.165395
C_physics,gbm,C_final,0.00872,0.013882,0.839639,0.858,0.00869,0.000242
C_physics,gbm,P_final,0.002936,0.003695,0.663232,0.6013,0.002972,1.7e-05
C_physics,xgboost,T_final,23.198679,28.565624,0.358826,0.2653,23.288997,0.180199
C_physics,xgboost,C_final,0.009029,0.013959,0.837842,0.8633,0.008948,0.000214
C_physics,xgboost,P_final,0.002938,0.00371,0.660592,0.598,0.002976,1.9e-05
C_physics,lightgbm,T_final,23.312441,28.996136,0.339354,0.2653,23.39911,0.255009
C_physics,lightgbm,C_final,0.00875,0.01385,0.840378,0.8613,0.008692,0.000214
C_physics,lightgbm,P_final,0.002942,0.003701,0.662172,0.594,0.002977,1.3e-05
C_physics,catboost,T_final,23.164246,28.437288,0.364574,0.2673,23.230145,0.240932
C_physics,catboost,C_final,0.008606,0.013732,0.843088,0.8587,0.008637,0.000206
C_physics,catboost,P_final,0.002926,0.003692,0.663832,0.602,0.002968,2.3e-05
C_physics,svr,T_final,22.149014,28.815245,0.347571,0.3453,22.800828,0.120413
C_physics,svr,C_final,0.009948,0.014726,0.819546,0.8267,0.010404,0.000293
C_physics,svr,P_final,0.003479,0.004327,0.538377,0.492,0.003494,2.9e-05
C_physics,knn,T_final,25.844775,30.587139,0.264867,0.1733,26.618724,0.108743
C_physics,knn,C_final,0.013122,0.018566,0.713153,0.738,0.013283,0.000152
C_physics,knn,P_final,0.003556,0.004284,0.547486,0.4707,0.003568,5.3e-05
C_physics,mlp,T_final,27.372814,33.465993,0.119974,0.2113,27.440974,0.451213
C_physics,mlp,C_final,0.008951,0.013768,0.842261,0.8567,0.008861,0.000258
C_physics,mlp,P_final,0.002967,0.003796,0.644682,0.5893,0.00303,0.000121
C_physics,mlp_deep,T_final,25.05672,30.49866,0.269114,0.2293,26.188377,0.353557
C_physics,mlp_deep,C_final,0.008848,0.013681,0.844252,0.8553,0.008944,0.000124
C_physics,mlp_deep,P_final,0.003011,0.003791,0.645565,0.5887,0.002999,8e-06
