feature_set,feature,target,NMI
physics,theo_o2_demand,T_final,0.0076
physics,o2_efficiency,T_final,0.0
physics,enthalpy_surplus,T_final,0.021
physics,total_oxidized_mass,T_final,0.0036
physics,decarb_rate,T_final,0.0038
physics,slag_basicity,T_final,0.0265
physics,scrap_melt_capacity,T_final,0.021
physics,fe_oxidation_loss,T_final,0.0
raw,m_hm,T_final,0.0014
raw,T_hm,T_final,0.0125
raw,C_hm,T_final,0.0194
raw,Si_hm,T_final,0.042
raw,Mn_hm,T_final,0.0056
raw,P_hm,T_final,0.0
raw,S_hm,T_final,0.0029
raw,f_scrap,T_final,0.0642
raw,CaO_kg_t,T_final,0.0067
raw,MgO_kg_t,T_final,0.0
raw,C_scrap,T_final,0.0
raw,O2_flow,T_final,0.0017
raw,t_blow,T_final,0.0041
raw,lance_h,T_final,0.0
physics,theo_o2_demand,C_final,0.082
physics,o2_efficiency,C_final,0.4884
physics,enthalpy_surplus,C_final,0.0709
physics,total_oxidized_mass,C_final,0.0715
physics,decarb_rate,C_final,0.0437
physics,slag_basicity,C_final,0.0002
physics,scrap_melt_capacity,C_final,0.0709
physics,fe_oxidation_loss,C_final,0.2676
raw,m_hm,C_final,0.0898
raw,T_hm,C_final,0.0008
raw,C_hm,C_final,0.0027
raw,Si_hm,C_final,0.0023
raw,Mn_hm,C_final,0.003
raw,P_hm,C_final,0.0
raw,S_hm,C_final,0.0045
raw,f_scrap,C_final,0.0011
raw,CaO_kg_t,C_final,0.0
raw,MgO_kg_t,C_final,0.0
raw,C_scrap,C_final,0.0002
raw,O2_flow,C_final,0.1632
raw,t_blow,C_final,0.0479
raw,lance_h,C_final,0.0
physics,theo_o2_demand,P_final,0.0099
physics,o2_efficiency,P_final,0.0
physics,enthalpy_surplus,P_final,0.0215
physics,total_oxidized_mass,P_final,0.0001
physics,decarb_rate,P_final,0.0016
physics,slag_basicity,P_final,0.2026
physics,scrap_melt_capacity,P_final,0.0215
physics,fe_oxidation_loss,P_final,0.0
raw,m_hm,P_final,0.0029
raw,T_hm,P_final,0.0
raw,C_hm,P_final,0.0
raw,Si_hm,P_final,0.1158
raw,Mn_hm,P_final,0.0033
raw,P_hm,P_final,0.0921
raw,S_hm,P_final,0.0
raw,f_scrap,P_final,0.0021
raw,CaO_kg_t,P_final,0.0572
raw,MgO_kg_t,P_final,0.0133
raw,C_scrap,P_final,0.0
raw,O2_flow,P_final,0.0
raw,t_blow,P_final,0.0
raw,lance_h,P_final,0.0
