model,target,feature,mean_abs_shap,mean_signed_shap
rf,T_final,m_hm,0.19944985,-0.02067497
rf,T_final,T_hm,5.79538026,-0.2008078
rf,T_final,C_hm,5.45305828,-0.06772965
rf,T_final,Si_hm,9.40764474,0.29668467
rf,T_final,Mn_hm,0.38763739,0.03001877
rf,T_final,P_hm,0.86195669,-0.0001375
rf,T_final,S_hm,0.2780753,-0.00137361
rf,T_final,f_scrap,13.28033241,-0.1529768
rf,T_final,CaO_kg_t,0.21074211,0.00864833
rf,T_final,MgO_kg_t,0.27040295,-0.00248981
rf,T_final,C_scrap,0.25860457,-0.0139414
rf,T_final,O2_flow,0.33310546,-0.00356111
rf,T_final,t_blow,0.20810162,-0.01283338
rf,T_final,lance_h,0.29371712,-0.0524219
rf,T_final,theo_o2_demand,0.19194569,0.02794618
rf,T_final,o2_efficiency,0.20969064,0.00476892
rf,T_final,enthalpy_surplus,0.22134247,0.031934
rf,T_final,total_oxidized_mass,0.2175176,0.01897677
rf,T_final,decarb_rate,0.26267389,-0.01464724
rf,T_final,slag_basicity,0.69144735,0.02884356
rf,T_final,scrap_melt_capacity,0.22680551,0.03643269
rf,T_final,fe_oxidation_loss,0.06036513,-0.00992229
rf,C_final,m_hm,0.0001379,5.457e-05
rf,C_final,T_hm,7.851e-05,6.8e-07
rf,C_final,C_hm,0.00184661,-1.463e-05
rf,C_final,Si_hm,0.00160929,-3.792e-05
rf,C_final,Mn_hm,0.0001343,-2.449e-05
rf,C_final,P_hm,0.00014411,-3.55e-06
rf,C_final,S_hm,7.821e-05,5.2e-06
rf,C_final,f_scrap,8.976e-05,8.37e-06
rf,C_final,CaO_kg_t,6.745e-05,7.56e-06
rf,C_final,MgO_kg_t,8.815e-05,-1.33e-06
rf,C_final,C_scrap,7.377e-05,4.5e-06
rf,C_final,O2_flow,0.00017376,-8.031e-05
rf,C_final,t_blow,6.473e-05,-2.2e-06
rf,C_final,lance_h,6.54e-05,7.45e-06
rf,C_final,theo_o2_demand,7.779e-05,-7.99e-06
rf,C_final,o2_efficiency,0.02891016,7.956e-05
rf,C_final,enthalpy_surplus,2.352e-05,9.6e-07
rf,C_final,total_oxidized_mass,6.48e-05,-7.51e-06
rf,C_final,decarb_rate,6.45e-05,1.238e-05
rf,C_final,slag_basicity,0.00046469,-2.932e-05
rf,C_final,scrap_melt_capacity,2.442e-05,3.08e-06
rf,C_final,fe_oxidation_loss,0.00135334,0.0005796
rf,P_final,m_hm,1.235e-05,-7e-07
rf,P_final,T_hm,3.694e-05,-8.8e-07
rf,P_final,C_hm,2.704e-05,1.32e-06
rf,P_final,Si_hm,5.887e-05,8.34e-06
rf,P_final,Mn_hm,1.195e-05,-2.8e-07
rf,P_final,P_hm,0.00231121,2.44e-05
rf,P_final,S_hm,1.091e-05,-7.6e-07
rf,P_final,f_scrap,0.00012008,2.6e-07
rf,P_final,CaO_kg_t,1.05e-05,-1.17e-06
rf,P_final,MgO_kg_t,1.568e-05,-3.6e-07
rf,P_final,C_scrap,1.645e-05,1.19e-06
rf,P_final,O2_flow,8.37e-06,2.9e-07
rf,P_final,t_blow,1.022e-05,-2.1e-07
rf,P_final,lance_h,1.409e-05,8e-07
rf,P_final,theo_o2_demand,6.87e-06,3.8e-07
rf,P_final,o2_efficiency,7.71e-06,3.4e-07
rf,P_final,enthalpy_surplus,4.86e-06,5.3e-07
rf,P_final,total_oxidized_mass,6.89e-06,8e-08
rf,P_final,decarb_rate,7.3e-06,-9e-08
rf,P_final,slag_basicity,0.0037637,7.183e-05
rf,P_final,scrap_melt_capacity,6.1e-06,1.48e-06
rf,P_final,fe_oxidation_loss,2.72e-06,-5.9e-07
xgboost,T_final,m_hm,0.51766336,-0.03014049
xgboost,T_final,T_hm,6.23161697,-0.25141591
xgboost,T_final,C_hm,6.18036699,-0.01408081
xgboost,T_final,Si_hm,8.90415859,0.43418872
xgboost,T_final,Mn_hm,0.78590626,0.07143135
xgboost,T_final,P_hm,1.57453156,-0.01029633
xgboost,T_final,S_hm,0.59918231,0.00753603
xgboost,T_final,f_scrap,13.21555233,-0.15789315
xgboost,T_final,CaO_kg_t,0.61341494,0.00226012
xgboost,T_final,MgO_kg_t,0.57634264,-0.03829205
xgboost,T_final,C_scrap,0.3686043,0.00386566
xgboost,T_final,O2_flow,0.55968696,0.00802554
xgboost,T_final,t_blow,0.36888468,-0.13624388
xgboost,T_final,lance_h,0.46499971,-0.01124734
xgboost,T_final,theo_o2_demand,0.25426385,0.09474351
xgboost,T_final,o2_efficiency,0.7271328,-0.01994871
xgboost,T_final,enthalpy_surplus,0.71090519,0.04057306
xgboost,T_final,total_oxidized_mass,0.33043796,-0.11729527
xgboost,T_final,decarb_rate,0.38067916,0.14821821
xgboost,T_final,slag_basicity,1.17868078,0.04067219
xgboost,T_final,scrap_melt_capacity,0.12625632,0.04549315
xgboost,T_final,fe_oxidation_loss,0.19942564,-0.02850718
xgboost,C_final,m_hm,0.00284294,0.00015142
xgboost,C_final,T_hm,0.00012048,7.09e-06
xgboost,C_final,C_hm,0.00143962,-1.6e-06
xgboost,C_final,Si_hm,0.0013106,-6.622e-05
xgboost,C_final,Mn_hm,6.476e-05,-3.36e-06
xgboost,C_final,P_hm,0.00019184,2.23e-06
xgboost,C_final,S_hm,7.04e-05,8.68e-06
xgboost,C_final,f_scrap,7.913e-05,3.53e-06
xgboost,C_final,CaO_kg_t,8.959e-05,-3.55e-06
xgboost,C_final,MgO_kg_t,6.53e-05,-3.02e-06
xgboost,C_final,C_scrap,7.436e-05,-5.4e-07
xgboost,C_final,O2_flow,0.00449562,-0.00042698
xgboost,C_final,t_blow,0.00224726,-9.612e-05
xgboost,C_final,lance_h,5.301e-05,5.89e-06
xgboost,C_final,theo_o2_demand,0.00019613,-3.12e-06
xgboost,C_final,o2_efficiency,0.01951817,0.00035707
xgboost,C_final,enthalpy_surplus,0.0003287,8.993e-05
xgboost,C_final,total_oxidized_mass,0.00029608,-5.321e-05
xgboost,C_final,decarb_rate,0.00043574,-3.299e-05
xgboost,C_final,slag_basicity,0.00043106,-1.2e-07
xgboost,C_final,scrap_melt_capacity,0.00017331,-3.537e-05
xgboost,C_final,fe_oxidation_loss,0.00509163,0.00067017
xgboost,P_final,m_hm,7.9e-06,-1.72e-06
xgboost,P_final,T_hm,0.00014427,-5.6e-06
xgboost,P_final,C_hm,0.00013161,-3.28e-06
xgboost,P_final,Si_hm,0.0004816,1.909e-05
xgboost,P_final,Mn_hm,2.368e-05,1.32e-06
xgboost,P_final,P_hm,0.00231663,3.027e-05
xgboost,P_final,S_hm,4.081e-05,5.5e-07
xgboost,P_final,f_scrap,0.00035958,1.88e-06
xgboost,P_final,CaO_kg_t,0.00019766,-9.54e-06
xgboost,P_final,MgO_kg_t,7.053e-05,3.25e-06
xgboost,P_final,C_scrap,1.584e-05,5.9e-07
xgboost,P_final,O2_flow,5.455e-05,-3.46e-06
xgboost,P_final,t_blow,1.202e-05,-1.53e-06
xgboost,P_final,lance_h,1.241e-05,-2.4e-07
xgboost,P_final,theo_o2_demand,1.868e-05,5.6e-07
xgboost,P_final,o2_efficiency,4.216e-05,-6.89e-06
xgboost,P_final,enthalpy_surplus,4.77e-06,-1.21e-06
xgboost,P_final,total_oxidized_mass,1.519e-05,4.59e-06
xgboost,P_final,decarb_rate,1.116e-05,1.04e-06
xgboost,P_final,slag_basicity,0.00333369,7.481e-05
xgboost,P_final,scrap_melt_capacity,5.5e-07,6e-08
xgboost,P_final,fe_oxidation_loss,8.23e-06,1.72e-06
mlp,T_final,m_hm,35.36326598,0.85774305
mlp,T_final,T_hm,0.42513267,-0.36743713
mlp,T_final,C_hm,82.64372721,-1.00276415
mlp,T_final,Si_hm,103.76812242,-23.16262778
mlp,T_final,Mn_hm,0.0,0.0
mlp,T_final,P_hm,0.05771148,-0.05771148
mlp,T_final,S_hm,0.0,0.0
mlp,T_final,f_scrap,1.45832341,-0.03381575
mlp,T_final,CaO_kg_t,80.28120333,-2.58003466
mlp,T_final,MgO_kg_t,13.30324344,2.21349434
mlp,T_final,C_scrap,0.0,0.0
mlp,T_final,O2_flow,124.73071047,-4.10737405
mlp,T_final,t_blow,260.63706105,-19.12427591
mlp,T_final,lance_h,0.0,0.0
mlp,T_final,theo_o2_demand,0.55138735,0.20255939
mlp,T_final,o2_efficiency,220.13972485,-3.91749639
mlp,T_final,enthalpy_surplus,16.56907624,-4.43218748
mlp,T_final,total_oxidized_mass,36.25159093,4.13146307
mlp,T_final,decarb_rate,200.64640713,14.95696787
mlp,T_final,slag_basicity,153.86183057,27.95182675
mlp,T_final,scrap_melt_capacity,11.10804838,2.69400344
mlp,T_final,fe_oxidation_loss,88.76283956,6.36669059
mlp,C_final,m_hm,0.00382113,0.00027011
mlp,C_final,T_hm,0.00044385,7.326e-05
mlp,C_final,C_hm,0.0016354,-0.00010881
mlp,C_final,Si_hm,0.00189596,-0.00042684
mlp,C_final,Mn_hm,0.00039763,3.404e-05
mlp,C_final,P_hm,3.05e-06,3.05e-06
mlp,C_final,S_hm,1.887e-05,1.054e-05
mlp,C_final,f_scrap,6.69e-06,6.69e-06
mlp,C_final,CaO_kg_t,0.0001827,4.694e-05
mlp,C_final,MgO_kg_t,1.267e-05,1.267e-05
mlp,C_final,C_scrap,0.00012818,-1.464e-05
mlp,C_final,O2_flow,0.01589097,-0.00017757
mlp,C_final,t_blow,0.00578608,-0.0007452
mlp,C_final,lance_h,2.34e-06,2.34e-06
mlp,C_final,theo_o2_demand,0.00292133,0.00034422
mlp,C_final,o2_efficiency,0.01001715,8.277e-05
mlp,C_final,enthalpy_surplus,0.00048428,7.939e-05
mlp,C_final,total_oxidized_mass,0.00247228,0.00026423
mlp,C_final,decarb_rate,0.00382488,-0.00032156
mlp,C_final,slag_basicity,0.00017988,3.522e-05
mlp,C_final,scrap_melt_capacity,0.00105583,3.573e-05
mlp,C_final,fe_oxidation_loss,0.00423731,-0.00042434
mlp,P_final,m_hm,0.00146735,-9.365e-05
mlp,P_final,T_hm,0.00017187,-3.054e-05
mlp,P_final,C_hm,0.00041075,-6.81e-06
mlp,P_final,Si_hm,0.00133046,0.0002908
mlp,P_final,Mn_hm,2.494e-05,-4.34e-06
mlp,P_final,P_hm,0.00219826,0.00025033
mlp,P_final,S_hm,0.0,0.0
mlp,P_final,f_scrap,0.00035654,-3.607e-05
mlp,P_final,CaO_kg_t,0.00116835,4.622e-05
mlp,P_final,MgO_kg_t,0.00015917,-1.414e-05
mlp,P_final,C_scrap,9.1e-07,9.1e-07
mlp,P_final,O2_flow,8.332e-05,-4e-08
mlp,P_final,t_blow,0.00018053,-3.733e-05
mlp,P_final,lance_h,4.3e-06,-1.79e-06
mlp,P_final,theo_o2_demand,0.00228153,0.00025462
mlp,P_final,o2_efficiency,9.274e-05,-6.538e-05
mlp,P_final,enthalpy_surplus,0.00012985,1.526e-05
mlp,P_final,total_oxidized_mass,0.00056268,9.988e-05
mlp,P_final,decarb_rate,3.687e-05,-3.11e-06
mlp,P_final,slag_basicity,0.00136728,0.00022203
mlp,P_final,scrap_melt_capacity,0.00087278,-9.424e-05
mlp,P_final,fe_oxidation_loss,0.00017317,7.583e-05
